-- MySQL dump 10.13  Distrib 5.7.11, for Linux (x86_64)
--
-- Host: localhost    Database: farm
-- ------------------------------------------------------
-- Server version	5.7.11-0ubuntu6

/*!40101 SET @OLD_CHARACTER_SET_CLIENT=@@CHARACTER_SET_CLIENT */;
/*!40101 SET @OLD_CHARACTER_SET_RESULTS=@@CHARACTER_SET_RESULTS */;
/*!40101 SET @OLD_COLLATION_CONNECTION=@@COLLATION_CONNECTION */;
/*!40101 SET NAMES utf8 */;
/*!40103 SET @OLD_TIME_ZONE=@@TIME_ZONE */;
/*!40103 SET TIME_ZONE='+00:00' */;
/*!40014 SET @OLD_UNIQUE_CHECKS=@@UNIQUE_CHECKS, UNIQUE_CHECKS=0 */;
/*!40014 SET @OLD_FOREIGN_KEY_CHECKS=@@FOREIGN_KEY_CHECKS, FOREIGN_KEY_CHECKS=0 */;
/*!40101 SET @OLD_SQL_MODE=@@SQL_MODE, SQL_MODE='NO_AUTO_VALUE_ON_ZERO' */;
/*!40111 SET @OLD_SQL_NOTES=@@SQL_NOTES, SQL_NOTES=0 */;

--
-- Table structure for table `goodfriend`
--

DROP TABLE IF EXISTS `goodfriend`;
/*!40101 SET @saved_cs_client     = @@character_set_client */;
/*!40101 SET character_set_client = utf8 */;
CREATE TABLE `goodfriend` (
  `id1` int(11) NOT NULL,
  `id2` int(11) NOT NULL,
  PRIMARY KEY (`id1`,`id2`),
  KEY `id2` (`id2`),
  CONSTRAINT `goodfriend_ibfk_1` FOREIGN KEY (`id1`) REFERENCES `user` (`id`),
  CONSTRAINT `goodfriend_ibfk_2` FOREIGN KEY (`id2`) REFERENCES `user` (`id`)
) ENGINE=InnoDB DEFAULT CHARSET=utf8;
/*!40101 SET character_set_client = @saved_cs_client */;

--
-- Dumping data for table `goodfriend`
--

LOCK TABLES `goodfriend` WRITE;
/*!40000 ALTER TABLE `goodfriend` DISABLE KEYS */;
INSERT INTO `goodfriend` VALUES (4,2),(2,3);
/*!40000 ALTER TABLE `goodfriend` ENABLE KEYS */;
UNLOCK TABLES;

--
-- Table structure for table `plant`
--

DROP TABLE IF EXISTS `plant`;
/*!40101 SET @saved_cs_client     = @@character_set_client */;
/*!40101 SET character_set_client = utf8 */;
CREATE TABLE `plant` (
  `id` int(11) NOT NULL,
  `buyprice` int(11) NOT NULL,
  `buylevel` int(11) NOT NULL,
  `sellprice` int(11) NOT NULL,
  `yield` int(11) NOT NULL,
  `growTime` int(11) NOT NULL,
  `allSta` int(11) NOT NULL,
  `exp` int(11) NOT NULL,
  PRIMARY KEY (`id`)
) ENGINE=InnoDB DEFAULT CHARSET=utf8;
/*!40101 SET character_set_client = @saved_cs_client */;

--
-- Dumping data for table `plant`
--

LOCK TABLES `plant` WRITE;
/*!40000 ALTER TABLE `plant` DISABLE KEYS */;
INSERT INTO `plant` VALUES (1,10,1,20,10,2,5,1),(2,12,1,24,10,5,5,2);
/*!40000 ALTER TABLE `plant` ENABLE KEYS */;
UNLOCK TABLES;

--
-- Table structure for table `soil`
--

DROP TABLE IF EXISTS `soil`;
/*!40101 SET @saved_cs_client     = @@character_set_client */;
/*!40101 SET character_set_client = utf8 */;
CREATE TABLE `soil` (
  `id` int(11) NOT NULL,
  `number` int(11) NOT NULL,
  `level` int(11) NOT NULL,
  `is_recla` tinyint(1) NOT NULL,
  `kind` int(11) DEFAULT NULL,
  `cal_time` datetime DEFAULT NULL,
  `yield` int(11) DEFAULT NULL,
  `water` datetime DEFAULT NULL,
  `pyre` datetime DEFAULT NULL,
  `weed` datetime DEFAULT NULL,
  `harvest` tinyint(1) DEFAULT NULL,
  PRIMARY KEY (`id`,`number`),
  CONSTRAINT `soil_ibfk_1` FOREIGN KEY (`id`) REFERENCES `user` (`id`)
) ENGINE=InnoDB DEFAULT CHARSET=utf8;
/*!40101 SET character_set_client = @saved_cs_client */;

--
-- Dumping data for table `soil`
--

LOCK TABLES `soil` WRITE;
/*!40000 ALTER TABLE `soil` DISABLE KEYS */;
INSERT INTO `soil` VALUES (2,1,1,1,2,'2017-02-07 14:35:43',10,'2017-02-07 20:07:30','2017-02-07 20:12:00','2017-02-07 20:23:15',0),(2,2,1,1,2,'2017-02-07 14:35:43',10,'2017-02-07 20:16:59','2017-02-07 19:49:18','2017-02-07 20:09:54',0),(2,3,1,1,2,'2017-02-07 14:35:42',10,'2017-02-07 19:49:19','2017-02-07 20:20:19','2017-02-07 19:40:27',0),(2,4,1,1,2,'2017-02-07 14:35:41',10,'2017-02-07 20:20:18','2017-02-07 20:03:02','2017-02-07 20:00:54',0),(2,5,1,1,2,'2017-02-07 14:35:41',10,'2017-02-07 20:14:02','2017-02-07 20:34:58','2017-02-07 20:21:02',0),(2,6,1,1,2,'2017-02-07 14:35:43',10,'2017-02-07 20:26:07','2017-02-07 20:00:24','2017-02-07 20:03:34',0),(2,7,1,1,2,'2017-02-07 14:35:39',10,'2017-02-07 20:07:53','2017-02-07 20:28:08','2017-02-07 20:29:53',0),(2,8,1,1,2,'2017-02-07 14:35:41',10,'2017-02-07 20:09:33','2017-02-07 20:02:52','2017-02-07 19:38:02',0),(2,9,1,1,2,'2017-02-07 14:35:40',10,'2017-02-07 19:44:44','2017-02-07 19:48:03','2017-02-07 20:04:37',0),(2,10,1,1,2,'2017-02-07 14:35:37',10,'2017-02-07 20:24:31','2017-02-07 19:41:57','2017-02-07 19:40:16',0),(2,11,1,1,2,'2017-02-07 14:35:37',10,'2017-02-07 20:15:41','2017-02-07 19:58:43','2017-02-07 20:26:29',0),(2,12,1,1,2,'2017-02-07 14:35:37',10,'2017-02-07 20:07:01','2017-02-07 20:29:17','2017-02-07 20:26:32',0),(2,13,1,1,2,'2017-02-07 14:35:35',10,'2017-02-07 20:03:38','2017-02-07 20:15:26','2017-02-07 20:04:34',0),(2,14,1,1,2,'2017-02-07 14:35:38',10,'2017-02-07 20:12:27','2017-02-07 20:03:07','2017-02-07 19:50:03',0),(2,15,1,1,2,'2017-02-07 14:35:33',10,'2017-02-07 19:55:27','2017-02-07 20:24:24','2017-02-07 20:14:29',0),(2,16,1,1,2,'2017-02-07 14:35:34',10,'2017-02-07 20:07:40','2017-02-07 20:18:34','2017-02-07 19:55:58',0),(2,17,1,1,2,'2017-02-07 14:35:34',10,'2017-02-07 20:04:30','2017-02-07 20:23:06','2017-02-07 19:54:11',0),(2,18,1,1,2,'2017-02-07 14:35:38',10,'2017-02-07 19:37:09','2017-02-07 20:05:52','2017-02-07 19:47:20',0),(3,1,1,1,0,'2017-02-06 20:48:02',9,'2017-02-07 09:05:09','2017-02-07 08:35:01','2017-02-07 08:23:45',0),(3,2,1,1,0,'2017-02-06 20:48:02',9,'2017-02-07 08:48:40','2017-02-07 08:12:15','2017-02-07 09:36:56',0),(3,3,1,0,NULL,NULL,NULL,NULL,NULL,NULL,NULL),(3,4,1,0,NULL,NULL,NULL,NULL,NULL,NULL,NULL),(3,5,1,0,NULL,NULL,NULL,NULL,NULL,NULL,NULL),(3,6,1,0,NULL,NULL,NULL,NULL,NULL,NULL,NULL),(3,7,1,0,NULL,NULL,NULL,NULL,NULL,NULL,NULL),(3,8,1,0,NULL,NULL,NULL,NULL,NULL,NULL,NULL),(3,9,1,0,NULL,NULL,NULL,NULL,NULL,NULL,NULL),(3,10,1,0,NULL,NULL,NULL,NULL,NULL,NULL,NULL),(3,11,1,0,NULL,NULL,NULL,NULL,NULL,NULL,NULL),(3,12,1,0,NULL,NULL,NULL,NULL,NULL,NULL,NULL),(3,13,1,0,NULL,NULL,NULL,NULL,NULL,NULL,NULL),(3,14,1,0,NULL,NULL,NULL,NULL,NULL,NULL,NULL),(3,15,1,0,NULL,NULL,NULL,NULL,NULL,NULL,NULL),(3,16,1,0,NULL,NULL,NULL,NULL,NULL,NULL,NULL),(3,17,1,0,NULL,NULL,NULL,NULL,NULL,NULL,NULL),(3,18,1,0,NULL,NULL,NULL,NULL,NULL,NULL,NULL),(4,1,1,1,1,'2017-02-07 16:34:56',10,'2017-02-07 21:41:59','2017-02-07 21:58:48','2017-02-07 22:02:18',0),(4,2,1,1,1,'2017-02-07 16:34:56',10,'2017-02-07 21:41:35','2017-02-07 22:23:38','2017-02-07 22:13:19',0),(4,3,1,1,1,'2017-02-07 16:34:55',10,'2017-02-07 21:58:15','2017-02-07 22:27:16','2017-02-07 22:34:04',0),(4,4,1,1,1,'2017-02-07 16:33:37',10,'2017-02-07 22:07:08','2017-02-07 22:08:47','2017-02-07 22:14:43',0),(4,5,1,1,1,'2017-02-07 16:33:49',10,'2017-02-07 21:39:38','2017-02-07 22:20:49','2017-02-07 21:35:58',0),(4,6,1,1,1,'2017-02-07 16:34:54',10,'2017-02-07 22:15:27','2017-02-07 22:26:36','2017-02-07 21:41:59',0),(4,7,1,0,NULL,NULL,NULL,NULL,NULL,NULL,NULL),(4,8,1,0,NULL,NULL,NULL,NULL,NULL,NULL,NULL),(4,9,1,0,NULL,NULL,NULL,NULL,NULL,NULL,NULL),(4,10,1,0,NULL,NULL,NULL,NULL,NULL,NULL,NULL),(4,11,1,0,NULL,NULL,NULL,NULL,NULL,NULL,NULL),(4,12,1,0,NULL,NULL,NULL,NULL,NULL,NULL,NULL),(4,13,1,0,NULL,NULL,NULL,NULL,NULL,NULL,NULL),(4,14,1,0,NULL,NULL,NULL,NULL,NULL,NULL,NULL),(4,15,1,0,NULL,NULL,NULL,NULL,NULL,NULL,NULL),(4,16,1,0,NULL,NULL,NULL,NULL,NULL,NULL,NULL),(4,17,1,0,NULL,NULL,NULL,NULL,NULL,NULL,NULL),(4,18,1,0,NULL,NULL,NULL,NULL,NULL,NULL,NULL);
/*!40000 ALTER TABLE `soil` ENABLE KEYS */;
UNLOCK TABLES;

--
-- Table structure for table `store`
--

DROP TABLE IF EXISTS `store`;
/*!40101 SET @saved_cs_client     = @@character_set_client */;
/*!40101 SET character_set_client = utf8 */;
CREATE TABLE `store` (
  `id` int(11) NOT NULL,
  `kind` int(11) NOT NULL,
  `num` int(11) NOT NULL,
  `type` int(11) NOT NULL,
  PRIMARY KEY (`id`,`kind`,`type`),
  CONSTRAINT `store_ibfk_1` FOREIGN KEY (`id`) REFERENCES `user` (`id`)
) ENGINE=InnoDB DEFAULT CHARSET=utf8;
/*!40101 SET character_set_client = @saved_cs_client */;

--
-- Dumping data for table `store`
--

LOCK TABLES `store` WRITE;
/*!40000 ALTER TABLE `store` DISABLE KEYS */;
INSERT INTO `store` VALUES (2,1,72,0),(2,2,305,0),(3,1,10,0),(4,1,42,0);
/*!40000 ALTER TABLE `store` ENABLE KEYS */;
UNLOCK TABLES;

--
-- Table structure for table `user`
--

DROP TABLE IF EXISTS `user`;
/*!40101 SET @saved_cs_client     = @@character_set_client */;
/*!40101 SET character_set_client = utf8 */;
CREATE TABLE `user` (
  `id` int(11) NOT NULL AUTO_INCREMENT,
  `username` varchar(30) DEFAULT NULL,
  `password` varchar(30) DEFAULT NULL,
  `faceaddress` varchar(30) DEFAULT NULL,
  `level` int(11) DEFAULT NULL,
  `exp` int(11) DEFAULT NULL,
  `money` int(11) DEFAULT NULL,
  `isonline` tinyint(1) NOT NULL,
  PRIMARY KEY (`id`)
) ENGINE=InnoDB AUTO_INCREMENT=5 DEFAULT CHARSET=utf8;
/*!40101 SET character_set_client = @saved_cs_client */;

--
-- Dumping data for table `user`
--

LOCK TABLES `user` WRITE;
/*!40000 ALTER TABLE `user` DISABLE KEYS */;
INSERT INTO `user` VALUES (2,'123456','123456','1',1,0,11168,0),(3,'1234567','123456','1',1,0,270,0),(4,'12345678','123456','1',2,1,1580,0);
/*!40000 ALTER TABLE `user` ENABLE KEYS */;
UNLOCK TABLES;
/*!40103 SET TIME_ZONE=@OLD_TIME_ZONE */;

/*!40101 SET SQL_MODE=@OLD_SQL_MODE */;
/*!40014 SET FOREIGN_KEY_CHECKS=@OLD_FOREIGN_KEY_CHECKS */;
/*!40014 SET UNIQUE_CHECKS=@OLD_UNIQUE_CHECKS */;
/*!40101 SET CHARACTER_SET_CLIENT=@OLD_CHARACTER_SET_CLIENT */;
/*!40101 SET CHARACTER_SET_RESULTS=@OLD_CHARACTER_SET_RESULTS */;
/*!40101 SET COLLATION_CONNECTION=@OLD_COLLATION_CONNECTION */;
/*!40111 SET SQL_NOTES=@OLD_SQL_NOTES */;

-- Dump completed on 2017-02-07 19:27:19
